<?xml version="1.0" encoding="UTF-8"?>
<project-private xmlns="http://www.netbeans.org/ns/project-private/1">
    <editor-bookmarks xmlns="http://www.netbeans.org/ns/editor-bookmarks/2" lastBookmarkId="0"/>
    <open-files xmlns="http://www.netbeans.org/ns/projectui-open-files/2">
        <group>
            <file>file:/C:/Users/maleesha5/Desktop/cw_client_service/src/customer_client/customerList_page.java</file>
            <file>file:/C:/Users/maleesha5/Desktop/cw_client_service/src/customer_client/Customer_page.java</file>
            <file>file:/C:/Users/maleesha5/Desktop/cw_client_service/src/employee_client/select_type.java</file>
            <file>file:/C:/Users/maleesha5/Desktop/cw_client_service/src/employee_client/Employee_page.java</file>
            <file>file:/C:/Users/maleesha5/Desktop/cw_client_service/src/employee_client/Login_page.java</file>
        </group>
    </open-files>
</project-private>
