<?xml version="1.0" encoding="UTF-8"?><!--
        *** GENERATED FROM jax-ws.xml - DO NOT EDIT !                             ***
        *** TO MODIFY wsimport options USE Web Service node -> Edit WS Attributes ***
        *** TO CHANGE TARGETS GENERATED TO jaxws-build.xml COPY THOSE             ***
        *** TARGETS TO ../build.xml AND MODIFY THAT FILE INSTEAD                  ***

        --><project xmlns:j2seproject3="http://www.netbeans.org/ns/j2se-project/3" xmlns:xalan="http://xml.apache.org/xslt" xmlns:jaxws="http://www.netbeans.org/ns/jax-ws/1">
    <!--
                ===================
                JAX-WS WSIMPORT SECTION
                ===================
            -->
    <target name="wsimport-init" depends="init">
        <mkdir dir="${build.generated.sources.dir}/jax-ws"/>
        <taskdef name="wsimport" classname="com.sun.tools.ws.ant.WsImport">
            <classpath path="${libs.jaxws21.classpath}"/>
        </taskdef>
    </target>
    <target name="wsimport-client-Customer_service" depends="wsimport-init">
        <mkdir dir="${build.generated.dir}/jax-wsCache/Customer_service"/>
        <property name="wsdl-Customer_service" location="xml-resources/web-service-references/Customer_service/wsdl/localhost_8080/Customer_Service/Customer_service.wsdl"/>
        <wsimport sourcedestdir="${build.generated.dir}/jax-wsCache/Customer_service" destdir="${build.generated.dir}/jax-wsCache/Customer_service" wsdl="${wsdl-Customer_service}" catalog="catalog.xml" encoding="${source.encoding}" extension="true" verbose="true" fork="false" wsdlLocation="http://localhost:8080/Customer_Service/Customer_service?wsdl" xnocompile="true" xendorsed="true">
            <depends file="${wsdl-Customer_service}"/>
            <produces dir="${build.generated.dir}/jax-wsCache/Customer_service"/>
        </wsimport>
        <copy todir="${build.generated.sources.dir}/jax-ws">
            <fileset dir="${build.generated.dir}/jax-wsCache/Customer_service">
                <include name="**/*.java"/>
            </fileset>
        </copy>
    </target>
    <target name="wsimport-client-clean-Customer_service" depends="-init-project">
        <delete dir="${build.generated.dir}/jax-wsCache/Customer_service"/>
        <delete dir="${build.generated.sources.dir}/jax-ws/ws"/>
    </target>
    <target name="wsimport-client-employee_ser" depends="wsimport-init">
        <mkdir dir="${build.generated.dir}/jax-wsCache/employee_ser"/>
        <property name="wsdl-employee_ser" location="xml-resources/web-service-references/employee_ser/wsdl/localhost_8080/employee_service/employee_ser.wsdl"/>
        <wsimport sourcedestdir="${build.generated.dir}/jax-wsCache/employee_ser" destdir="${build.generated.dir}/jax-wsCache/employee_ser" wsdl="${wsdl-employee_ser}" catalog="catalog.xml" encoding="${source.encoding}" extension="true" verbose="true" fork="false" wsdlLocation="http://localhost:8080/employee_service/employee_ser?wsdl" xnocompile="true" xendorsed="true">
            <depends file="${wsdl-employee_ser}"/>
            <produces dir="${build.generated.dir}/jax-wsCache/employee_ser"/>
        </wsimport>
        <copy todir="${build.generated.sources.dir}/jax-ws">
            <fileset dir="${build.generated.dir}/jax-wsCache/employee_ser">
                <include name="**/*.java"/>
            </fileset>
        </copy>
    </target>
    <target name="wsimport-client-clean-employee_ser" depends="-init-project">
        <delete dir="${build.generated.dir}/jax-wsCache/employee_ser"/>
        <delete dir="${build.generated.sources.dir}/jax-ws/ws"/>
    </target>
    <target name="wsimport-client-generate" depends="wsimport-client-Customer_service, wsimport-client-employee_ser"/>
</project>
